Questions,Instructions,Type
Give me an example of a time you had a conflict with a team member. How did you handle it?,describe the situation where the conflict occurred;Emphasize the nature of the conflict rather than blaming the individual;Clearly explain your role in the conflict; self-awareness and accountability; address the conflict and reach a resolution,"team,        situation"
"Tell me about a time you made a mistake at work. How did you resolve the problem, and what did you learn from your mistake?","Choose a Relevant Example,Briefly describe the situation and the nature of the mistake,Clearly outline the steps you took to resolve the problem,Discuss the lessons you learned from the mistake,Highlight Positive Outcomes",situation
Describe an occasion when you had to manage your time to complete a task. How did you do it?," Ensure that the example is relevant to the job and showcases your ability to handle time constraints,Briefly describe the context of the task, including the nature of the work, the deadline, and any challenges or complexities involved,Clearly articulate the strategy you employed to manage your time effectively,Explain the steps you took to execute your time management strategy,Conclude by highlighting the successful completion of the task within the given timeframe",situation
Describe an occasion when you failed at a task. What did you learn from it?,"Select a specific instance where you faced a failure that is relevant to the context of the question,Briefly describe the task or project you were working on when the failure occurred,Clearly articulate your role in the failure, taking accountability for your contributions or decisions that led to the unsuccessful outcome,Discuss Lessons Learned,Emphasize Positive Changes",situation
Tell me about a time you took the initiative in your career. What was your motivation for doing so?,"Choose a Relevant Example,Provide Context,Highlight Motivation,Detail Your Actions,Emphasize Results or Impact",situation
Describe a time when you used your leadership skills to motivate your team or colleagues. ,"Choose a Relevant Example,Provide Context,Showcase the impact of your leadership on the team's motivation and overall performance,Conclude by reflecting on the experience and discussing any lessons you learned,Clearly articulate the leadership actions you took to motivate your team","situation,team"
Describe a time when you were responsible for a task you didn't receive training on and were unsure how to complete. How did you handle it?,"1. Clearly explain the situation where you had to undertake a task without prior training.
2. Highlight your proactive approach in seeking information and resources independently.
3. Emphasize your ability to quickly learn and adapt to unfamiliar tasks through research and self-training.
4. Describe any collaboration or seeking guidance from colleagues that contributed to your understanding.
5. Conclude by discussing the successful completion of the task and the valuable skills you gained from the experience.",situation
 Describe your process for solving problems. What steps do you take to resolve important issues at work?,"1. Analyze the problem thoroughly, identifying key factors and potential implications.
2. Prioritize tasks and set clear objectives to address the core issues.
3. Collaborate with relevant stakeholders, seeking diverse perspectives for comprehensive solutions.
4. Develop and implement a well-structured plan, incorporating feedback and adjustments as needed.
5. Regularly assess progress, making data-driven decisions and adapting strategies for optimal problem resolution.",situation
Give an example of a time when you had to make a difficult decision. How did you handle it?,"Choose a specific example of a difficult decision you made,
Briefly describe the context or situation of the decision,
Clearly state the decision you had to make,
Explain the factors or considerations that influenced your decision,
Highlight the outcome of your decision and any lessons learned.",situation
Share an example of a career goal you had. What steps did you take to achieve it?,"Choose a specific career goal you had,
Briefly describe the goal and its relevance to your career,
Clearly outline the steps you took to work towards achieving this goal,
Highlight any challenges faced during the process and how you overcame them,
Conclude by summarizing the outcome of your efforts and the impact on your career.",situation
Describe an occasion when you successfully led a team through a challenging project.,"Choose a challenging project where you took a leadership role,
Provide context for the project and the specific challenges faced,
Showcase your leadership actions that positively impacted the team's performance,
Discuss the strategies you employed to motivate and guide the team,
Reflect on the experience and share any valuable leadership lessons learned.",team
Share an example of when you had to delegate tasks effectively to achieve project goals,"Choose a project where effective delegation played a crucial role.
Provide context for the project and the tasks involved.
Clearly outline your approach to delegating tasks among team members.
Discuss any challenges faced and how you addressed them.
Conclude by emphasizing the successful completion of the project through delegation.",situation
Tell me about a situation where you had to resolve a technical issue under pressure,"Choose a relevant example of a technical issue requiring quick resolution.
Provide context for the technical problem and its impact.
Clearly explain your role in resolving the issue under pressure.
Discuss the steps you took to troubleshoot and find a solution.
Conclude by emphasizing the successful resolution and any preventative measures taken.",situation
Tell me about a time when you had to present a complex idea or concept to a non-technical audience,"Select a situation where effective communication to a non-technical audience was crucial.
Provide context for the presentation and the complexity of the idea.
Clearly explain your role in simplifying and conveying the information.
Discuss the techniques used to ensure audience understanding.
Conclude by highlighting the successful communication of the complex concept.",situation
Describe a situation where you had to resolve a conflict within your team.,"Choose a specific incident where a conflict arose among team members.
Provide context for the conflict and its impact on team dynamics.
Clearly articulate your role in resolving the conflict.
Discuss the strategies used to facilitate communication and understanding.",team
Tell me about a time when you had to improvise to meet unexpected challenges in a project.,"Choose a project where unexpected challenges required improvisation.
Provide context for the project and the nature of the unexpected challenges.
Clearly explain your role in adapting and finding solutions on the spot.
Discuss the strategies used to navigate unforeseen obstacles.
Conclude by emphasizing the successful project outcomes despite challenges.",situation
Describe an occasion when you had to mentor or train a colleague to enhance their skills.,"Select a specific instance where mentorship or training was provided.
Provide context for the colleague's skill development needs.
Clearly articulate your role in mentoring or training.
Discuss the methods used to facilitate learning and growth.
Conclude by highlighting the positive impact on the colleague's skills.",team
Share an example of when you had to introduce a cost-saving initiative in a project or department.,"Choose a relevant example of a cost-saving initiative you introduced.
Provide context for the project or department and the need for cost-saving.
Clearly articulate your role in implementing the cost-saving measures.
Discuss the strategies used to ensure minimal impact on project or departmental efficiency.
Conclude by highlighting the achieved cost savings and any positive outcomes.",situation
Share an example of a time when you had to navigate conflicting priorities on multiple projects.,"Choose a situation where conflicting priorities arose across multiple projects.
Provide context for the projects and the challenges posed by conflicting priorities.
Clearly explain your role in managing and prioritizing tasks.
Discuss the strategies used to balance competing demands.
Conclude by emphasizing the successful execution and completion of the projects.",situation
Tell me about a time when you had to improvise to meet unexpected challenges in a project.,"Choose a project where unexpected challenges required improvisation.
Provide context for the project and the nature of the unexpected challenges.
Clearly explain your role in adapting and finding solutions on the spot.
Discuss the strategies used to navigate unforeseen obstacles.
Conclude by emphasizing the successful project outcomes despite challenges.",situation
Describe a situation where you had to collaborate with a diverse team to achieve a common goal.,"Choose a specific project or initiative that involved diverse team members.
Provide context for the collaboration and the common goal.
Clearly articulate your role in fostering collaboration within the diverse team.
Discuss the strategies used to overcome potential challenges related to diversity.
Conclude by highlighting the successful achievement of the common goal.",team
Share an example of when you had to work with a remote or geographically dispersed team.,"Choose a project or situation that involved collaboration with a remote team,
Provide context for the remote collaboration and the goals of the project,
Clearly articulate your role in ensuring effective communication and collaboration,
Discuss the strategies used to overcome challenges related to distance and time zones,
Conclude by emphasizing the successful outcomes achieved through remote teamwork.",team
Describe an occasion when you had to facilitate effective communication within a team with diverse communication styles.,"Choose a situation where diverse communication styles presented challenges,
Provide context for the communication challenges and their impact on the team,
Clearly explain your role in facilitating effective communication,
Discuss the strategies used to bridge communication gaps and foster understanding,
Conclude by highlighting the improved communication and collaboration within the team.",team
Have you ever found it difficult to work with a manager or other team members?," Describe a specific situation where you faced challenges in working with a manager or team member, Emphasize your proactive approach in addressing the difficulties, such as initiating open communication, seeking understanding, and finding a collaborative solution.",team
What strategies would you use to motivate your team?,"Outline your approach to team motivation. Mention strategies like acknowledging individual achievements, providing constructive feedback, fostering a positive work environment, setting clear goals, involving the team in decision-making, and recognizing contributions. Connect these strategies to the importance of sustained motivation.",team
ï¿½Share an example of a team project that failed,"Discuss a project that faced setbacks and ultimately failed. Highlight the reasons for failure, such as communication issues or unclear roles. Demonstrate your ability to turn failure into a learning experience by describing how you conducted a retrospective, identified issues, and implemented improvements for future projects.",team
Provide an example of a time you showed strong teamwork skills,"Narrate a specific instance where you exhibited strong teamwork skills. Emphasize actions such as fostering a collaborative atmosphere, encouraging open communication, organizing team meetings, facilitating knowledge sharing, and leveraging individual strengths. Highlight how these actions contributed to overcoming challenges and achieving project success.",team
How do you feel about working in a team environment?,"Express your positive attitude toward working in a team environment. Discuss the benefits of collaboration, such as fostering creativity, incorporating diverse perspectives, and achieving collective success. Emphasize your active contribution to team goals, appreciation for shared ideas, and satisfaction derived from working together toward success.",team
 Describe an analytics experiment that you designed. How were you able to measure success?,"1. Share a specific analytics experiment you designed.
2. Explain the objectives and goals of the experiment.
3. Describe the key metrics or KPIs used to measure success.
4. Discuss the methodology and tools employed in the experiment.
5. Highlight the outcomes and how they aligned with the predetermined success metrics.",situation
Tell me about a project in which you had to clean and organize a large dataset.,"1. Describe the dataset and its size.
2. Explain the cleaning and organizing methods used.
3. Highlight any challenges encountered during the process.
4. Discuss tools or software utilized for dataset cleaning.
5. Summarize the impact of the cleaned dataset on the project's success.",
Tell me about a time when you had to use data to make a decision.,"Define the problem you were trying to solve,
Outline the techniques and approach you used,
Describe the actions you took, and if you had to change course,
Provide an overview of the results you saw.",situation
Talk about a time you were surprised by the results of an analytics project.,"1. Describe the context and purpose of the analytics project.
2. Clearly outline the expectations and goals set for the project.
3. Explain the specific methodologies and tools used for analysis.
4. Discuss the surprising aspects or unexpected findings during the project.
5. Conclude by highlighting the impact of these surprising results and any adjustments made to strategies or interpretations.",situation
Describe a time when you made a mistake and used the wrong dataset. How were you able to identify your error?,"1. Clearly describe the specific mistake you made with the wrong dataset.
2. Explain how you identified the error, emphasizing the steps you took to rectify it.
3. Discuss any impact the mistake had on the project or analysis.
4. Highlight the lessons learned from the experience.
5. Conclude by emphasizing your commitment to thorough data verification processes in future work.",situation
How have you handled situations where the data available was insufficient to draw a meaningful conclusion?,"1. Acknowledge the Insufficiency: Acknowledge that the data available was insufficient to draw a meaningful conclusion.
2. Describe Data Limitations: Clearly describe the limitations and gaps in the available data.
3. Discuss Mitigation Strategies: Outline strategies employed to mitigate the impact of insufficient data, such as sensitivity analyses or alternative approaches.
4. Emphasize Transparency: Emphasize the importance of transparency in communicating data limitations to stakeholders.
5. Highlight Continuous Improvement: Conclude by expressing a commitment to continuous improvement in data collection processes for future analyses.",situation
Discuss a time when you had to balance differing opinions within your team to achieve a common goal.,"1. Acknowledge Differing Opinions: Start by acknowledging the existence of differing opinions within the team.
2. Emphasize Common Goal: Clearly state the common goal that the team was working towards.
3. Describe Your Role: Explain your specific role in addressing and balancing the differing opinions.
4. Highlight Collaboration: Emphasize collaborative efforts taken to find common ground or a compromise.
5. Showcase Successful Outcome: Conclude by highlighting the successful outcome achieved through the team's ability to reconcile differing opinions.",
Explain your role in a cross-functional team and how you ensured effective communication across disciplines.,"1. Detail Your Role: Clearly articulate your specific role and responsibilities within the cross-functional team.
2. Emphasize Communication Channels: Describe the communication channels or platforms you utilized to facilitate effective information exchange.
3. Address Diverse Perspectives: Highlight how you navigated and addressed diverse perspectives and expertise within the team.
4. Share Successes and Challenges: Illustrate specific successes and challenges encountered in fostering effective communication across disciplines.
5. Demonstrate Adaptability: Emphasize your ability to adapt your communication style to suit the needs and understanding of team members from various disciplines.",
How would you connect with a new team member?,"1. Take the initiative to introduce yourself to the new team member in a friendly and approachable manner.
2.  Express genuine interest in getting to know them by asking about their background, experiences, and interests.
3. Extend a friendly gesture by offering assistance or guidance as they acclimate to the team and its dynamics.
4. Propose a casual meeting, such as a coffee break or lunch, to provide an informal setting for conversation.
5. Emphasize open communication and let them know you are available for any questions or assistance they may need.",
 Are there any personality types you struggle to work with?,"1. Acknowledge Openly: Acknowledge that, like everyone, there may be certain personality types with whom you find it challenging to work.
2. Be Tactful: Be tactful and avoid singling out specific individuals or making negative generalizations.
3. Emphasize Adaptability: Highlight your adaptability by mentioning instances where you successfully collaborated with various personality types.
4. Focus on Collaboration: Emphasize your commitment to effective collaboration, regardless of personality differences.
5. Express Willingness to Learn: Conclude by expressing a willingness to learn from diverse perspectives and adapt your communication style for better teamwork.",
"What would you do if you were working on a team and, without notice, a group member left the organization? How would you help the team adapt?","1. Quickly assess the impact of the team member's departure on ongoing projects and responsibilities.
2. Initiate open communication within the team to address concerns, share information, and reassure team members.
3. Work collaboratively to redistribute tasks and responsibilities among remaining team members to ensure continuity.
4. If applicable, actively contribute to the onboarding process of a replacement team member to expedite their integration.
5. Foster a positive team environment by acknowledging the change, highlighting strengths, and motivating the team to adapt and excel despite the transition.",
Which of your characteristics make you a better team member? Why?,"1. Identify Key Characteristics: Clearly identify the key characteristics that make you an effective team member.
2. Provide Examples: Support your response with specific examples from your professional experience.
3. Link to Team Success: Explain how these characteristics contribute to the success of the team.
4. Showcase Collaboration: Emphasize characteristics related to collaboration, such as communication and adaptability.
5. Connect to Company Values: Align your characteristics with the values and goals of the company for added relevance.",
What steps would you take if a colleague refused to do their fair share?,"1. Address the Issue Directly: Initiate a one-on-one conversation with the colleague to discuss the concern openly.
2. Clarify Expectations: Clearly communicate expectations and responsibilities, ensuring mutual understanding.
3. Seek Understanding: Understand the reasons behind their reluctance and explore potential challenges or concerns.
4. Propose Solutions: Collaboratively brainstorm solutions to redistribute tasks or address any underlying issues.
5. Involve Leadership if Necessary: If the issue persists, escalate the matter to a supervisor or team leader for further resolution.",
"If you have personal and team-related responsibilities, which do you prioritize and why?","1. Clarify Balance: Explain how you strike a balance between personal and team-related responsibilities.
2. Prioritize Team Goals: Emphasize prioritizing team-related responsibilities to achieve collective objectives.
3. Demonstrate Team Commitment: Highlight your commitment to the team's success and collaborative goals.
4. Align with Organizational Objectives: Connect your prioritization to the broader organizational objectives.
5. Showcase Flexibility: Illustrate your flexibility in managing both personal and team responsibilities based on evolving needs.",
